Date,Name,Address,Mobile,ID,,Quantity,Unit Price,"	SubTotal",3.5
2018/10/12,anme12,"41 Birdwood Avenue",0424785747,root@123.com,s001,SML,1,3.5,3.5
2018/10/12,anme12,"41 Birdwood Avenue",0424785747,root@123.com,s001,SML,1,3.5,3.5
2018/10/12,anme12,"41 Birdwood Avenue",0424785747,root@123.com,s001,SML,1,3.5,3.5
2018/10/12,anme12,"41 Birdwood Avenue",0424785747,root@123.com,s001,SML,1,3.5,3.5
2018/10/12,anme12,"41 Birdwood Avenue",0424785747,root@123.com,s001,SML,1,3.5,3.5
2018/10/12,anme12,"41 Birdwood Avenue",0424785747,root@123.com,s001,SML,1,3.5,3.5
2018/10/12,anme12,"41 Birdwood Avenue",0424785747,root@123.com,s001,SML,1,3.5,3.5
2018/10/12,anme12,"41 Birdwood Avenue",0424785747,root@123.com,s001,SML,1,3.5,3.5
2018/10/12,anme12,"41 Birdwood Avenue",0424785747,root@123.com,s001,SML,1,3.5,3.5
2018/10/12,anme12,"41 Birdwood Avenue",0424785747,root@123.com,s001,SML,1,3.5,3.5
2018/10/12,anme12,"41 Birdwood Avenue",0424785747,root@123.com,s001,SML,1,3.5,3.5
2018/10/12,anme12,"41 Birdwood Avenue",0424785747,root@123.com,s001,SML,1,3.5,3.5
2018/10/12,anme12,"41 Birdwood Avenue",0424785747,root@123.com,s001,SML,1,3.5,3.5
2018/10/12,anme12,"41 Birdwood Avenue",0424785747,root@123.com,s001,SML,1,3.5,3.5
2018/10/12,anme12,"41 Birdwood Avenue",0424785747,root@123.com,s001,SML,1,3.5,3.5
2018/10/12,anme12,"41 Birdwood Avenue",0424785747,root@123.com,s001,SML,1,3.5,3.5
2018/10/12,anme12,"41 Birdwood Avenue",0424785747,root@123.com,s001,SML,1,3.5,3.5
2018/10/12,anme12,"41 Birdwood Avenue",0424785747,root@123.com,s001,SML,1,3.5,3.5
2018/10/12,anme12,"41 Birdwood Avenue",0424785747,root@123.com,s001,SML,1,3.5,3.5
2018/10/12,anme12,"41 Birdwood Avenue",0424785747,root@123.com,s001,SML,1,3.5,3.5
2018/10/12,anme12,"41 Birdwood Avenue",0424785747,root@123.com,s001,SML,1,3.5,3.5
2018/10/12,anme12,"41 Birdwood Avenue",0424785747,root@123.com,s001,SML,1,3.5,3.5
2018/10/12,anme12,"41 Birdwood Avenue",0424785747,root@123.com,s001,SML,1,3.5,3.5
2018/10/12,anme12,"41 Birdwood Avenue",0424785747,root@123.com,s001,SML,1,3.5,3.5
2018/10/12,anme12,"41 Birdwood Avenue",0424785747,root@123.com,s001,SML,1,3.5,3.5
2018/10/12,anme12,"41 Birdwood Avenue",0424785747,root@123.com,s001,SML,1,3.5,3.5
2018/10/12,anme12,"41 Birdwood Avenue",0424785747,root@123.com,s001,SML,1,3.5,3.5
2018/10/12,anme12,"41 Birdwood Avenue",0424785747,root@123.com,s001,SML,1,3.5,3.5
2018/10/12,anme12,"41 Birdwood Avenue",0424785747,root@123.com,s001,SML,1,3.5,3.5
2018/10/12,anme12,"41 Birdwood Avenue",0424785747,root@123.com,s001,SML,1,3.5,3.5
2018/10/12,anme12,"41 Birdwood Avenue",0424785747,root@123.com,s001,SML,1,3.5,3.5
2018/10/12,anme12,"41 Birdwood Avenue",0424785747,root@123.com,s001,SML,1,3.5,3.5
2018/10/12,anme12,"41 Birdwood Avenue",0424785747,root@123.com,s001,SML,1,3.5,3.5
2018/10/12,anme12,"41 Birdwood Avenue",0424785747,root@123.com,s001,SML,1,3.5,3.5
2018/10/12,anme12,"41 Birdwood Avenue",0424785747,root@123.com,s001,SML,1,3.5,3.5
2018/10/12,anme12,"41 Birdwood Avenue",0424785747,root@123.com,s001,SML,1,3.5,3.5
2018/10/12,anme12,"41 Birdwood Avenue",0424785747,root@123.com,s001,SML,1,3.5,3.5
2018/10/12,anme12,"41 Birdwood Avenue",0424785747,root@123.com,s001,SML,1,3.5,3.5
2018/10/12,anme12,"41 Birdwood Avenue",0424785747,root@123.com,s001,SML,1,3.5,3.5
2018/10/12,anme12,"41 Birdwood Avenue",0424785747,root@123.com,s001,SML,1,3.5,3.5
2018/10/12,anme12,"41 Birdwood Avenue",0424785747,root@123.com,s001,SML,1,3.5,3.5
2018/10/12,anme12,"41 Birdwood Avenue",0424785747,root@123.com,s001,SML,1,3.5,3.5
2018/10/12,anme12,"41 Birdwood Avenue",0424785747,root@123.com,s001,SML,1,3.5,3.5
2018/10/12,anme12,"41 Birdwood Avenue",0424785747,root@123.com,s001,SML,1,3.5,3.5
2018/10/12,anme12,"41 Birdwood Avenue",0424785747,root@123.com,s001,SML,1,3.5,3.5
2018/10/12,anme12,"41 Birdwood Avenue",0424785747,root@123.com,s001,SML,1,3.5,3.5
2018/10/12,anme12,"41 Birdwood Avenue",0424785747,root@123.com,s001,SML,1,3.5,3.5
2018/10/12,anme12,"41 Birdwood Avenue",0424785747,root@123.com,s001,SML,1,3.5,3.5
2018/10/12,anme12,"41 Birdwood Avenue",0424785747,root@123.com,s001,SML,1,3.5,3.5
2018/10/12,anme12,"41 Birdwood Avenue",0424785747,root@123.com,s001,SML,1,3.5,3.5
2018/10/12,anme12,"41 Birdwood Avenue",0424785747,root@123.com,s001,SML,1,3.5,3.5
2018/10/12,anme12,"41 Birdwood Avenue",0424785747,root@123.com,s001,SML,8,3.5,28
2018/10/12,anme12,"41 Birdwood Avenue",0424785747,root@123.com,b001,BBQ,2,9.5,19
2018/10/12,anme12,"41 Birdwood Avenue",0424785747,root@123.com,bm001,SAL,3,8.5,25.5
2018/10/12,anme12,"41 Birdwood Avenue",0424785747,root@123.com,s001,LRG,1,5.5,5.5
2018/10/12,anme12,"41 Birdwood Avenue",0424785747,root@123.com,s001,MED,3,4.5,13.5
